ID,Sponsor Award Number,Account,Sponsor,sponsorNameNotAsLink(),Prime Sponsor,primeSponsorNotAsLink(),PI Last,PI First,Lead Financial Unit Code,Lead Financial Unit,leadFinancialUnitNotAsLink(),Short Title,AMT GCO,Obligated,Anticipated,Award Start Date,Obligated End Date,Award End Date (Anticipated),Teams,Status,Authorized Total,Awarded Total,Proposed Total
AWD00000349,60895,<a href='https://era2.oked.asu.edu/Grants/sd/Rooms/DisplayPages/LayoutInitial?Container=com.webridge.entity.Entity[OID[BE4CBAC11DCC0B409F370CDB41F7EA79]]'>GR33506</a> ,Miscellaneous For-Profit Enterprises/Industries,Miscellaneous For-Profit Enterprises/Industries,,,Rice,Warren,,AZ Board of Regents on behalf of Arizona State University,AZ Board of Regents on behalf of Arizona State University,SILICON FOR SOLAR CELLS,,$0,$0,5/18/1974,12/20/1974,12/20/1974,,Closed,$0,$0,$0
AWD00001259,6643,<a href='https://era2.oked.asu.edu/Grants/sd/Rooms/DisplayPages/LayoutInitial?Container=com.webridge.entity.Entity[OID[51B183A6F44051458EBD815A73588BD1]]'>GR33637</a> ,Miscellaneous For-Profit Enterprises/Industries,Miscellaneous For-Profit Enterprises/Industries,,,Backus,Charles,B1301,"Engineering, Ira A. Fulton Schools of (IAFSE)","Engineering, Ira A. Fulton Schools of (IAFSE)",SILICON CELL,Stewart,$0,$0,2/1/1978,12/31/1980,12/31/1980,Team 1,Closed,$0,$0,$0
AWD00002784,ECS8212336-001,<a href='https://era2.oked.asu.edu/Grants/sd/Rooms/DisplayPages/LayoutInitial?Container=com.webridge.entity.Entity[OID[CBF8AB559447DC46ABD33996F2B640B0]]'>GR07396</a> ,National Science Foundation (NSF),National Science Foundation (NSF),,,Schroder,Dieter,B1310,IAFSE-ECEE: Electrical Engineering,IAFSE-ECEE: Electrical Engineering,OXYGEN/SILICON,Stewart,$0,$0,12/15/1982,6/30/1986,6/30/1986,Team 1,Closed,$0,$0,$0
AWD00002990,DMR8310649-04,<a href='https://era2.oked.asu.edu/Grants/sd/Rooms/DisplayPages/LayoutInitial?Container=com.webridge.entity.Entity[OID[96ABEA65EF13064C8C1BAB286E9C4D46]]'>GR26348</a> ,National Science Foundation (NSF),National Science Foundation (NSF),,,Carpenter,Ray,B1719,KE-CF: Eyring Materials Center; CLAS,KE-CF: Eyring Materials Center; CLAS,ELECTRICALLY ACTIVE DEFECTS IN PROCESSED SILICON WAFERS,Taylor,$0,$0,8/1/1983,5/31/1988,5/31/1988,Team 3,Closed,$0,$0,$0
AWD00003215,SN628648,<a href='https://era2.oked.asu.edu/Grants/sd/Rooms/DisplayPages/LayoutInitial?Container=com.webridge.entity.Entity[OID[C09D1C616570934381C587E2023D03AE]]'>GR00563</a> ,"Motorola, Inc.","Motorola, Inc.",,,Krause,Stephen,B1314,Chemical Engineering,Chemical Engineering,DIFFUSN IN SILICON,Coley-Bing,$0,$0,5/14/1984,10/31/1986,10/31/1986,,Closed,$0,$0,$0
AWD00003502,SUB NO. XB-504085-1,<a href='https://era2.oked.asu.edu/Grants/sd/Rooms/DisplayPages/LayoutInitial?Container=com.webridge.entity.Entity[OID[7364F10E8C49D44AB071993F5E5F2F68]]'>GR07465</a> ,DOE: National Renewable Energy Laboratory (NREL),DOE: National Renewable Energy Laboratory (NREL),,,TBD12,PD/PI,B1310,IAFSE-ECEE: Electrical Engineering,IAFSE-ECEE: Electrical Engineering,EVAL/SILICON CELLS,Stewart,$0,$0,1/1/1985,8/31/1986,8/31/1986,Team 1,Closed,$0,$0,$0
AWD00003726,DMR8512783-01,<a href='https://era2.oked.asu.edu/Grants/sd/Rooms/DisplayPages/LayoutInitial?Container=com.webridge.entity.Entity[OID[526B2F2715FF8C408E427B8EF4AA42A1]]'>GR17323</a> ,National Science Foundation (NSF),National Science Foundation (NSF),,,Petuskey,William,B1715,"CLAS-NS: Molecular Sciences, School of (SMS)","CLAS-NS: Molecular Sciences, School of (SMS)",PHYSICAL CHEMISTRY OF SILICON CARBIDE POLYTYPES,Taylor,"$240,000","$240,000",8/15/1985,4/17/1989,4/17/1989,Team 3,Closed,"$240,000","$240,000","$240,000"
AWD00003864,SI 680909-01,<a href='https://era2.oked.asu.edu/Grants/sd/Rooms/DisplayPages/LayoutInitial?Container=com.webridge.entity.Entity[OID[F4596788827E664DA9040950ECAD07CF]]'>GR27839</a> ,"Motorola, Inc.","Motorola, Inc.",,,Krause,Stephen,B1315,Mechanical and Aerospace Engineering,Mechanical and Aerospace Engineering,SILICON ON INSULATOR,Coley-Bing,$0,$0,1/1/1986,12/15/1987,12/15/1987,Team 1,Closed,$0,$0,$0
AWD00004051,ECS8519247,<a href='https://era2.oked.asu.edu/Grants/sd/Rooms/DisplayPages/LayoutInitial?Container=com.webridge.entity.Entity[OID[F3AFA37911D61049838B33ED46F51247]]'>GR07365</a> ,National Science Foundation (NSF),National Science Foundation (NSF),,,Schroder,Dieter,B1310,IAFSE-ECEE: Electrical Engineering,IAFSE-ECEE: Electrical Engineering,GETTERING IN SILICON,Stewart,$0,$0,7/15/1986,12/31/1987,12/31/1987,Team 1,Closed,$0,$0,$0
AWD00004242,XL70612,<a href='https://era2.oked.asu.edu/Grants/sd/Rooms/DisplayPages/LayoutInitial?Container=com.webridge.entity.Entity[OID[49237C49BA30C64696E913B1E21AB95F]]'>GR07445</a> ,DOE: National Renewable Energy Laboratory (NREL),DOE: National Renewable Energy Laboratory (NREL),US Department of Energy (DOE),US Department of Energy (DOE),TBD12,PD/PI,B1310,IAFSE-ECEE: Electrical Engineering,IAFSE-ECEE: Electrical Engineering,HIGH TEMP PROC ON THE PROPERTIES OF SILICON SOLAR CELL MATLS,Stewart,$0,$0,2/1/1987,3/31/1988,3/31/1988,Team 1,Closed,$0,$0,$0
AWD00004340,357479,<a href='https://era2.oked.asu.edu/Grants/sd/Rooms/DisplayPages/LayoutInitial?Container=com.webridge.entity.Entity[OID[187DEF0879C77E4C9B3073281852CA09]]'>GR00617</a> ,University of Florida,University of Florida,,,Krause,Stephen,B1314,Chemical Engineering,Chemical Engineering,TRANSMISSION ELECTRON MICROSCOPY OF SILICON-ON-INSULATOR MTL,Coley-Bing,"$23,734","$23,734",6/1/1987,5/15/1988,5/15/1988,,Closed,"$23,734","$23,734","$23,734"
AWD00005150,HS-77,<a href='https://era2.oked.asu.edu/Grants/sd/Rooms/DisplayPages/LayoutInitial?Container=com.webridge.entity.Entity[OID[8EB8CABC3F0D334B83179344E21F5EE0]]'>GR18264</a> ,Research Corporation,Research Corporation,,,Ziurys,Lucy,B1715,"CLAS-NS: Molecular Sciences, School of (SMS)","CLAS-NS: Molecular Sciences, School of (SMS)",RADIO ASTRONOMICAL STUDIES OF INTERSTELLAR SILICON CHEMISTRY,Taylor,"$5,500","$5,500",5/15/1989,6/30/1990,6/30/1990,Team 3,Closed,"$5,500","$5,500","$5,500"
AWD00005280,60NANB9D0966-03,<a href='https://era2.oked.asu.edu/Grants/sd/Rooms/DisplayPages/LayoutInitial?Container=com.webridge.entity.Entity[OID[7776A57F351FF740B9D16DE69E8ECC3F]]'>GR00052</a> ,DOC: National Institute of Standards and Technology (NIST),DOC: National Institute of Standards and Technology (NIST),,,Krause,Stephen,B1314,Chemical Engineering,Chemical Engineering,DEFECT CONTROL IN PROCESSING OF OXYGEN IMPLANTED SILICON-ON-,Coley-Bing,"$40,000","$40,000",7/15/1989,2/28/1991,2/28/1991,,Closed,"$40,000","$40,000","$40,000"
AWD00005530,DMR8901841-002,<a href='https://era2.oked.asu.edu/Grants/sd/Rooms/DisplayPages/LayoutInitial?Container=com.webridge.entity.Entity[OID[D403AC9750DB2548B239F24486C9F09F]]'>GR26321</a> ,National Science Foundation (NSF),National Science Foundation (NSF),,,Carpenter,Ray,B1719,KE-CF: Eyring Materials Center; CLAS,KE-CF: Eyring Materials Center; CLAS,PRECIPITATION REACTION NANOCHEMISTRY ON SILICON,Taylor,"$300,000","$300,000",1/15/1990,12/31/1993,12/31/1993,Team 3,Closed,"$300,000","$300,000","$300,000"
AWD00006074,60NANB1D1126,<a href='https://era2.oked.asu.edu/Grants/sd/Rooms/DisplayPages/LayoutInitial?Container=com.webridge.entity.Entity[OID[46EB5E8FED2D4F4489C2FF885193CCC5]]'>GR00053</a> ,US Department of Commerce (DOC),US Department of Commerce (DOC),,,Krause,Stephen,B1314,Chemical Engineering,Chemical Engineering,DEF.CONTROL IN PROCESS. OF OXY. IMPLANTED SILICON-ON-INS.MAT,Coley-Bing,"$25,000","$25,000",5/1/1991,4/30/1992,4/30/1992,,Closed,"$25,000","$25,000","$25,000"
AWD00006717,F4962092J0420-P00001,<a href='https://era2.oked.asu.edu/Grants/sd/Rooms/DisplayPages/LayoutInitial?Container=com.webridge.entity.Entity[OID[79C267C054283C40AD039125F568A64D]]'>GR00014</a> ,DOD: Air Force (USAF),DOD: Air Force (USAF),,,Mayer,James,B1314,Chemical Engineering,Chemical Engineering,SILICON GERMANIUM CARBON HETEROEPITAXIAL GROWTH ON SILICON,Coley-Bing,"$70,007","$70,007",7/15/1992,10/14/1993,10/14/1993,,Closed,"$70,007","$70,007","$70,007"
AWD00006763,60NANB2D1279,<a href='https://era2.oked.asu.edu/Grants/sd/Rooms/DisplayPages/LayoutInitial?Container=com.webridge.entity.Entity[OID[24626F84F559674E9D5A40799E9E394E]]'>GR00059</a> ,US Department of Commerce (DOC),US Department of Commerce (DOC),,,Krause,Stephen,B1314,Chemical Engineering,Chemical Engineering,DEFECT CNTL IN PROCESS OF OXY IMPLANTED SILICON ON INSULA,Coley-Bing,"$12,500","$12,500",8/15/1992,2/14/1993,2/14/1993,,Closed,"$12,500","$12,500","$12,500"
AWD00006804,DMR9222781,<a href='https://era2.oked.asu.edu/Grants/sd/Rooms/DisplayPages/LayoutInitial?Container=com.webridge.entity.Entity[OID[6570A6DDD250F24CBE503F1423E93295]]'>GR00029</a> ,National Science Foundation (NSF),National Science Foundation (NSF),,,Mayer,James,B1314,Chemical Engineering,Chemical Engineering,SILICON GERMANIUM CARBON ALLOY CRYSTAL GROWTH,Coley-Bing,"$50,000","$50,000",9/1/1992,2/28/1994,2/28/1994,,Closed,"$50,000","$50,000","$50,000"
AWD00007050,DAAH0493G0248,<a href='https://era2.oked.asu.edu/Grants/sd/Rooms/DisplayPages/LayoutInitial?Container=com.webridge.entity.Entity[OID[2C7CB31C470CBE49B50FDCF873087FE8]]'>GR09208</a> ,US Department of Defense (DOD),US Department of Defense (DOD),,,Maracas,George,B1310,IAFSE-ECEE: Electrical Engineering,IAFSE-ECEE: Electrical Engineering,VERTICAL CAVITY LASERS INTEGRATED ONTO SILICON CIRCUITS,Stewart,"$950,000","$950,000",3/31/1993,5/31/1997,5/31/1997,Team 1,Closed,"$950,000","$950,000","$950,000"
AWD00007334,60NANB3D1421-05,<a href='https://era2.oked.asu.edu/Grants/sd/Rooms/DisplayPages/LayoutInitial?Container=com.webridge.entity.Entity[OID[6E7D8522BBF5414B8F8E673031B5C3E9]]'>GR00061</a> ,US Department of Commerce (DOC),US Department of Commerce (DOC),,,Krause,Stephen,B1314,Chemical Engineering,Chemical Engineering,DEFECT CONTROL IN PROCESSING OF OXYGEN IMPLANTED SILICON-ON-,Coley-Bing,"$106,000","$106,000",9/1/1993,10/31/1997,10/31/1997,,Closed,"$106,000","$106,000","$106,000"
AWD00007544,SI207736,<a href='https://era2.oked.asu.edu/Grants/sd/Rooms/DisplayPages/LayoutInitial?Container=com.webridge.entity.Entity[OID[283FCD9D96E06041B5AA816ED62F4AF9]]'>GR02305</a> ,"Motorola, Inc.","Motorola, Inc.",,,Herbots,Nicole,B1717,CLAS-NS: Physics,CLAS-NS: Physics,SILICON OXIDATION,Taylor,"$10,000","$10,000",3/28/1994,12/30/1994,12/30/1994,Team 3,Closed,"$10,000","$10,000","$10,000"
AWD00008191,AGREEMENT 06/05/96,<a href='https://era2.oked.asu.edu/Grants/sd/Rooms/DisplayPages/LayoutInitial?Container=com.webridge.entity.Entity[OID[18F74EAA76F623439E71639B28D2EF34]]'>GR09115</a> ,"Motorola, Inc.","Motorola, Inc.",,,Schroder,Dieter,B1310,IAFSE-ECEE: Electrical Engineering,IAFSE-ECEE: Electrical Engineering,SILICON-ON-INSULATOR,Stewart,"$145,195","$145,195",5/8/1995,6/5/1997,6/5/1997,Team 1,Closed,"$145,195","$145,195","$145,195"
AWD00008238,N000149510918,<a href='https://era2.oked.asu.edu/Grants/sd/Rooms/DisplayPages/LayoutInitial?Container=com.webridge.entity.Entity[OID[61D345D2A153D14180EE2AF9EEE4270A]]'>GR09199</a> ,DOD-NAVY: Office of Naval Research (ONR),DOD-NAVY: Office of Naval Research (ONR),,,Ferry,David,B1310,IAFSE-ECEE: Electrical Engineering,IAFSE-ECEE: Electrical Engineering,SILICON-BASED NANOSTRUCTURES: EXPERIMENT & MODELING,Stewart,"$3,790,340","$3,790,340",6/1/1995,5/31/1999,5/31/1999,Team 1,Closed,"$3,790,340","$3,790,340","$3,790,340"
AWD00008647,DMR9528513-004,<a href='https://era2.oked.asu.edu/Grants/sd/Rooms/DisplayPages/LayoutInitial?Container=com.webridge.entity.Entity[OID[2BCEEB31E5FA1E47B6E4180DF48911C2]]'>GR01749</a> ,National Science Foundation (NSF),National Science Foundation (NSF),,,Tsong,Ignatius,B1717,CLAS-NS: Physics,CLAS-NS: Physics,TAILORING SURFACE MORPHOLOGY OF EPITAXIAL LAYERS ON SILICON,Taylor,"$349,473","$349,473",1/1/1996,12/31/2001,12/31/2001,Team 3,Closed,"$349,473","$349,473","$349,473"
AWD00008819,SRA DATED 5/7/96,<a href='https://era2.oked.asu.edu/Grants/sd/Rooms/DisplayPages/LayoutInitial?Container=com.webridge.entity.Entity[OID[1651EC3258C7234D948E953C2313E7AE]]'>GR27902</a> ,"Motorola, Inc.","Motorola, Inc.",,,Sieradzki,Karl,B1315,Mechanical and Aerospace Engineering,Mechanical and Aerospace Engineering,RELIABILITY OF SILICON-BASED MICRO ACCELEROMETER DEVICES,Coley-Bing,"$36,577","$36,577",5/7/1996,9/6/1997,9/6/1997,Team 1,Closed,"$36,577","$36,577","$36,577"
AWD00009222,PO B9633200113,<a href='https://era2.oked.asu.edu/Grants/sd/Rooms/DisplayPages/LayoutInitial?Container=com.webridge.entity.Entity[OID[C3A8CE2D5964E14598D67229C6502164]]'>GR08901</a> ,Florida Power & Light Company,Florida Power & Light Company,,,Gorur,Ravi,B1310,IAFSE-ECEE: Electrical Engineering,IAFSE-ECEE: Electrical Engineering,MOLD GROWTH ON SILICONE RUBBER INSULATORS,Stewart,"$79,000","$79,000",10/15/1996,12/31/2000,12/31/2000,Team 1,Closed,"$79,000","$79,000","$79,000"
AWD00010066,2008-2330-02,<a href='https://era2.oked.asu.edu/Grants/sd/Rooms/DisplayPages/LayoutInitial?Container=com.webridge.entity.Entity[OID[A757DC71D673614384A7690FA5FEC074]]'>GR08943</a> ,North Carolina State University,North Carolina State University,,,Schroder,Dieter,B1310,IAFSE-ECEE: Electrical Engineering,IAFSE-ECEE: Electrical Engineering,SILICON EPITAXIAL LAYER CHARACTERIZATION,Stewart,"$698,648","$1,261,038",4/1/1998,5/5/2009,5/5/2009,Team 1,Closed,"$698,648","$698,648","$1,261,038"
AWD00010112,RA0256,<a href='https://era2.oked.asu.edu/Grants/sd/Rooms/DisplayPages/LayoutInitial?Container=com.webridge.entity.Entity[OID[1D0D40839D1EF24DAADDCEFB31136D3D]]'>GR02278</a> ,Research Corporation,Research Corporation,,,Herbots,Nicole,B1717,CLAS-NS: Physics,CLAS-NS: Physics,DISCOVERY OF LONG RANGE ORDER & EPITAXY IN SILICON DIOXIDE,Taylor,"$24,724","$24,724",5/8/1998,5/7/2003,5/7/2003,Team 3,Closed,"$24,724","$24,724","$24,724"
AWD00010610,990614-001,<a href='https://era2.oked.asu.edu/Grants/sd/Rooms/DisplayPages/LayoutInitial?Container=com.webridge.entity.Entity[OID[75A90CE79548AB448667F869B3B791BC]]'>GR07495</a> ,Lawrence Semiconductor Research Laboratories,Lawrence Semiconductor Research Laboratories,NASA: Ames Research Center,NASA: Ames Research Center,Thornton,Trevor,B1310,IAFSE-ECEE: Electrical Engineering,IAFSE-ECEE: Electrical Engineering,STRAINED SILICON QUANTUM WELLS FOR CRYOGENIC ELECTRONICS,Stewart,"$23,333","$23,333",12/14/1998,6/14/1999,6/14/1999,Team 1,Closed,"$23,333","$23,333","$23,333"
AWD00010919,9972859,<a href='https://era2.oked.asu.edu/Grants/sd/Rooms/DisplayPages/LayoutInitial?Container=com.webridge.entity.Entity[OID[C67BC4AB84A45B4E998B9FC338D9FE4B]]'>GR00079</a> ,National Science Foundation (NSF),National Science Foundation (NSF),,,Mayer,James,B1314,Chemical Engineering,Chemical Engineering,ION BEAM INDUCED EXFOLIATION OF SILICON STRUCTURES,Coley-Bing,"$360,001","$360,001",6/1/1999,12/31/2003,12/31/2003,,Closed,"$360,001","$360,001","$360,001"
AWD00012757,021557,<a href='https://era2.oked.asu.edu/Grants/sd/Rooms/DisplayPages/LayoutInitial?Container=com.webridge.entity.Entity[OID[07E6076AB75BDA42A700EE5821C19F9A]]'>GR10151</a> ,Sinonar Corporation,Sinonar Corporation,,,Tamizhmani,Govindasamy,I1003,Electronic Systems; CTI,Electronic Systems; CTI,SNR 02002 - ENGINEERING EVALUATION OF AMORPHOUS SILICON PHOTOVOLTAIC MODULES,Anderson,"$10,778","$10,778",12/21/2001,12/31/2002,12/31/2002,Team 3,Closed,"$10,778","$10,778","$10,778"
AWD00013063,N00014-02-1-0783,<a href='https://era2.oked.asu.edu/Grants/sd/Rooms/DisplayPages/LayoutInitial?Container=com.webridge.entity.Entity[OID[7316216D69002544BF9A759DDA489B77]]'>GR07278</a> ,DOD-NAVY: Office of Naval Research (ONR),DOD-NAVY: Office of Naval Research (ONR),,,Thornton,Trevor,B1310,IAFSE-ECEE: Electrical Engineering,IAFSE-ECEE: Electrical Engineering,SUB-THRESHOLD SILICON MESFETS WITH 25NM GATE LENGTHS FOR ULTRA HIGH SPEED/LOW POWER INFORMATION PROCESSING,Stewart,"$642,281","$642,281",6/15/2002,12/14/2005,12/14/2005,Team 1,Closed,"$642,281","$642,281","$642,281"
AWD00013413,AGR 10/29/02,<a href='https://era2.oked.asu.edu/Grants/sd/Rooms/DisplayPages/LayoutInitial?Container=com.webridge.entity.Entity[OID[EE738F3695219C4A8F70D48C8E0A6C9F]]'>GR14383</a> ,Silicon Laboratories,Silicon Laboratories,ASU: Connection One Consortium,ASU: Connection One Consortium,Kiaei,Sayfe,B1310,IAFSE-ECEE: Electrical Engineering,IAFSE-ECEE: Electrical Engineering,C1 Member: Silicon Laboratories,Stewart,"$50,000","$50,000",10/29/2002,6/30/2003,6/30/2003,Team 1,Closed,"$50,000","$50,000","$50,000"
AWD00013575,0303237,<a href='https://era2.oked.asu.edu/Grants/sd/Rooms/DisplayPages/LayoutInitial?Container=com.webridge.entity.Entity[OID[F0D81110D7CA8D49A15C52850EF97C41]]'>GR01841</a> ,National Science Foundation (NSF),National Science Foundation (NSF),,,Tsong,Ignatius,B1717,CLAS-NS: Physics,CLAS-NS: Physics,PROPERTIES OF PSEUDO-BINARY WIDE BAND GAP SEMICONDUCTOR SILICON CARBIDE-ALUMINUM NITRIDE,Taylor,"$407,133","$407,133",5/1/2003,10/31/2006,10/31/2006,Team 3,Closed,"$407,133","$407,133","$407,133"
AWD00014052,04010100,<a href='https://era2.oked.asu.edu/Grants/sd/Rooms/DisplayPages/LayoutInitial?Container=com.webridge.entity.Entity[OID[5D795E180EB9A74996C8CAA3918FAE52]]'>GR09328</a> ,Suntech Power,Suntech Power,,,Tamizhmani,Govindasamy,I1003,Electronic Systems; CTI,Electronic Systems; CTI,STP 03001: Section A Retests of SunTech Power STP 150 Modules for Change in Cell Technology from Polycrystalline Silicon to Monocrystilline Silicon Ce,Anderson,"$19,214","$19,214",7/15/2003,12/31/2004,12/31/2004,Team 3,Closed,"$19,214","$19,214","$19,214"
AWD00013926,N66001-03-1-8933,<a href='https://era2.oked.asu.edu/Grants/sd/Rooms/DisplayPages/LayoutInitial?Container=com.webridge.entity.Entity[OID[97506D3D57F7F84F80FB71EA892F3A39]]'>GR05134</a> ,US Department of Defense (DOD),US Department of Defense (DOD),,,Thornton,Trevor,B1318,IAFSE-ECEE: Solid State Electronics Research Center (CSSER),IAFSE-ECEE: Solid State Electronics Research Center (CSSER),Subthreshold Silicon MESFETs for Ultra-Low Power Mixed Signal Circuit Applications,Stewart,"$86,234","$86,234",8/1/2003,7/15/2005,7/15/2005,Team 1,Closed,"$86,234","$86,234","$86,234"
AWD00013999,F19628-03-C-0056,<a href='https://era2.oked.asu.edu/Grants/sd/Rooms/DisplayPages/LayoutInitial?Container=com.webridge.entity.Entity[OID[D301F89E7427E444AC18B67B8BCDFA25]]'>GR17694</a> ,DOD-USAF: Air Force Research Labs (AFRL),DOD-USAF: Air Force Research Labs (AFRL),,,Kouvetakis,John,B1715,"CLAS-NS: Molecular Sciences, School of (SMS)","CLAS-NS: Molecular Sciences, School of (SMS)","DIRECT-GAP GESN, GE, AND SIGESN EPILAYERS AND NANOSTRUCTURES GROWN ON SILICON",Taylor,"$75,000","$75,000",8/14/2003,8/15/2006,8/15/2006,Team 3,Closed,"$75,000","$75,000","$75,000"
AWD00014797,030504,<a href='https://era2.oked.asu.edu/Grants/sd/Rooms/DisplayPages/LayoutInitial?Container=com.webridge.entity.Entity[OID[2BC270031FD6304F8866E6836A91744E]]'>GR07578</a> ,Intel Corporation,Intel Corporation,,,Ferry,David,B1310,IAFSE-ECEE: Electrical Engineering,IAFSE-ECEE: Electrical Engineering,Silicon Quantum Structures,Stewart,"$324,000","$324,000",5/1/2004,4/30/2006,4/30/2006,Team 1,Closed,"$324,000","$324,000","$324,000"
AWD00015099,1264372,<a href='https://era2.oked.asu.edu/Grants/sd/Rooms/DisplayPages/LayoutInitial?Container=com.webridge.entity.Entity[OID[5CEB8CA221A67A4D9B85EE5E04C3FB5A]]'>GR05146</a> ,Jet Propulsion Laboratory (JPL),Jet Propulsion Laboratory (JPL),National Aeronautics Space Administration (NASA),National Aeronautics Space Administration (NASA),Thornton,Trevor,B1318,IAFSE-ECEE: Solid State Electronics Research Center (CSSER),IAFSE-ECEE: Solid State Electronics Research Center (CSSER),Silicon-on-Insulator MESFETs for Extreme Environments,Stewart,"$59,977","$59,977",8/3/2004,8/15/2005,8/15/2005,Team 1,Closed,"$59,977","$59,977","$59,977"
AWD00015444,AGR 11/24/04,<a href='https://era2.oked.asu.edu/Grants/sd/Rooms/DisplayPages/LayoutInitial?Container=com.webridge.entity.Entity[OID[3FC5E14F4CD592459407E3160C087274]]'>GR17750</a> ,Intel Corporation,Intel Corporation,,,Kouvetakis,John,B1715,"CLAS-NS: Molecular Sciences, School of (SMS)","CLAS-NS: Molecular Sciences, School of (SMS)",Group IV Quantum Well Optical Devices on Silicon,Taylor,"$270,000","$270,000",11/12/2004,11/12/2007,11/12/2007,Team 3,Closed,"$270,000","$270,000","$270,000"
AWD00016640,05-103808,<a href='https://era2.oked.asu.edu/Grants/sd/Rooms/DisplayPages/LayoutInitial?Container=com.webridge.entity.Entity[OID[B6D3AA346C0AD14C8BA255723EC073E8]]'>GR17770</a> ,QuantTera,QuantTera,DOD: Air Force (USAF),DOD: Air Force (USAF),Kouvetakis,John,B1715,"CLAS-NS: Molecular Sciences, School of (SMS)","CLAS-NS: Molecular Sciences, School of (SMS)",Silicon-Based Quantum Well Laser,Taylor,"$50,000","$50,000",8/22/2005,5/30/2006,5/30/2006,Team 3,Closed,"$50,000","$50,000","$50,000"
AWD00017280,06034658,<a href='https://era2.oked.asu.edu/Grants/sd/Rooms/DisplayPages/LayoutInitial?Container=com.webridge.entity.Entity[OID[1A7E8DD2D4F8F64D906150F2F59BA6F1]]'>GR05135</a> ,SJT Micropower,SJT Micropower,National Aeronautics Space Administration (NASA),National Aeronautics Space Administration (NASA),Bakkaloglu,Bertan,B1318,IAFSE-ECEE: Solid State Electronics Research Center (CSSER),IAFSE-ECEE: Solid State Electronics Research Center (CSSER),Silicon-on-Insulator MESFETs for Extreme Enviroment Electronics,Stewart,"$22,630","$22,630",1/23/2006,7/22/2006,7/22/2006,Team 1,Closed,"$22,630","$22,630","$22,630"
AWD00019239,0730810,<a href='https://era2.oked.asu.edu/Grants/sd/Rooms/DisplayPages/LayoutInitial?Container=com.webridge.entity.Entity[OID[261533A5033EFC4AACE089E693D90F35]]'>GR07811</a> ,National Science Foundation (NSF),National Science Foundation (NSF),,,Spanias,Andreas,B1310,IAFSE-ECEE: Electrical Engineering,IAFSE-ECEE: Electrical Engineering,EXP-SA: DSP Algorithms for Silicon Ion-Channel Sensors,Stewart,"$399,926","$399,926",8/15/2007,3/31/2012,3/31/2012,Team 1,Closed,"$399,926","$399,926","$399,926"
AWD00019714,DE-FC36-007GO17049-ASU/Task 3,<a href='https://era2.oked.asu.edu/Grants/sd/Rooms/DisplayPages/LayoutInitial?Container=com.webridge.entity.Entity[OID[AA5F0C762EAD7244863F773D14258156]]'>GR07841</a> ,"BP Solar International, Inc","BP Solar International, Inc",US Department of Energy (DOE),US Department of Energy (DOE),Ayyanar,Raja,B1310,IAFSE-ECEE: Electrical Engineering,IAFSE-ECEE: Electrical Engineering,"ASU Support of BP Solar's SAI TPP Project-Task 3 entitled ""Reaching Grid Parity Using BP Solar Crystalline Silicon Technology""",Stewart,"$250,000","$300,000",9/1/2007,2/23/2010,8/31/2010,Team 1,Closed,"$250,000","$250,000","$300,000"
AWD00020986,DE-FC36-007GO17049-ASU/Task1,<a href='https://era2.oked.asu.edu/Grants/sd/Rooms/DisplayPages/LayoutInitial?Container=com.webridge.entity.Entity[OID[2DB43D10A650C341965602EE22D37879]]'>GR14870</a> ,"BP Solar International, Inc","BP Solar International, Inc",US Department of Energy (DOE),US Department of Energy (DOE),Bryan,Harvey,B0510,HIDA: The Design School,HIDA: The Design School,Reaching Grid Parity using BP solar Crystalline Silicon Technology,Taylor,"$378,864","$378,864",9/1/2007,2/23/2010,2/23/2010,Team 3,Closed,"$378,864","$378,864","$378,864"
AWD00020685,HR00110810038,<a href='https://era2.oked.asu.edu/Grants/sd/Rooms/DisplayPages/LayoutInitial?Container=com.webridge.entity.Entity[OID[EC0F4E319B59CD42836A9BC29DFF8C21]]'>GR07884</a> ,DOD: Defense Advanced Research Projects Agency (DARPA),DOD: Defense Advanced Research Projects Agency (DARPA),,,Abbaspour-Tamijani,Abbas,B1310,IAFSE-ECEE: Electrical Engineering,IAFSE-ECEE: Electrical Engineering,Programmable Acoustic Filters Based on Silicon Microstructures,Stewart,"$149,986","$149,986",5/6/2008,9/6/2010,9/6/2010,Team 1,Closed,"$149,986","$149,986","$149,986"
AWD00021877,G281001,<a href='https://era2.oked.asu.edu/Grants/sd/Rooms/DisplayPages/LayoutInitial?Container=com.webridge.entity.Entity[OID[5EBC8F9ECF8D024EADF87C126179229E]]'>GR19641</a> ,"Polestar Technologies, Inc.","Polestar Technologies, Inc.",,,Tao,Nongjian,E0821,"Biodesign: Bioelectronics and Biosensors, Center for (BB)","Biodesign: Bioelectronics and Biosensors, Center for (BB)",Hybrid Silicon Chip for Detection of Explosives in Waste Water,Laux,"$199,302","$199,302",9/30/2008,3/31/2010,3/31/2010,Team 1,Closed,"$199,302","$199,302","$199,302"
AWD00022555,100022,<a href='https://era2.oked.asu.edu/Grants/sd/Rooms/DisplayPages/LayoutInitial?Container=com.webridge.entity.Entity[OID[8F7C20AB88037C4FAC9E496F17B35DF1]]'>GR07991</a> ,University of Texas: Dallas,University of Texas: Dallas,,,Schroder,Dieter,B1310,IAFSE-ECEE: Electrical Engineering,IAFSE-ECEE: Electrical Engineering,Silicon Epitaxial Layer Characterization (DWT0077) SiWEDS Transfer,Stewart,"$96,683","$96,683",4/1/2009,12/31/2011,12/31/2011,Team 1,Closed,"$96,683","$96,683","$96,683"
AWD00024010,AGR 09/10/10,<a href='https://era2.oked.asu.edu/Grants/sd/Rooms/DisplayPages/LayoutInitial?Container=com.webridge.entity.Entity[OID[45405623FEA2824281148DC898181A85]]'>GR08113</a> ,Samsung Electronics,Samsung Electronics,,,Bowden,Stuart,B1310,IAFSE-ECEE: Electrical Engineering,IAFSE-ECEE: Electrical Engineering,Advanced Silicon Heterojunction Solar Cells,Stewart,"$150,000","$150,000",8/1/2010,1/31/2012,1/31/2012,Team 1,Closed,"$150,000","$150,000","$150,000"
AWD00024438,1067947,<a href='https://era2.oked.asu.edu/Grants/sd/Rooms/DisplayPages/LayoutInitial?Container=com.webridge.entity.Entity[OID[6F166FFD71F8D94890A4F552981202AE]]'>GR27457</a> ,National Science Foundation (NSF),National Science Foundation (NSF),,,Jiang,Hanqing,B1315,Mechanical and Aerospace Engineering,Mechanical and Aerospace Engineering,Collaborative Research: Manufacturing Mechanically Compliant Silicon Nanostructures for Rechargeable Lithium Ion Batteries,Coley-Bing,"$232,236","$232,236",9/1/2011,8/31/2015,8/31/2015,Team 1,Closed,"$232,236","$232,236","$232,236"
AWD00025086,1177845,<a href='https://era2.oked.asu.edu/Grants/sd/Rooms/DisplayPages/LayoutInitial?Container=com.webridge.entity.Entity[OID[A1F7B144757A26438529AFE8E0A4CE69]]'>GR08227</a> ,DOE: Sandia National Laboratories (SNL),DOE: Sandia National Laboratories (SNL),US Department of Energy (DOE),US Department of Energy (DOE),Goryll,Michael,B1310,IAFSE-ECEE: Electrical Engineering,IAFSE-ECEE: Electrical Engineering,Sandia National Laboratories Post-Silicon Reliability Project,Stewart,"$100,000","$100,000",10/1/2011,12/31/2013,12/31/2013,Team 1,Closed,"$100,000","$100,000","$100,000"
AWD00026659,LTR 05/29/13,<a href='https://era2.oked.asu.edu/Grants/sd/Rooms/DisplayPages/LayoutInitial?Container=com.webridge.entity.Entity[OID[E9CA445B2B45824E95FC66E2EB1A240B]]'>GR16148</a> ,ASU: QESST ERC Consortium,ASU: QESST ERC Consortium,ASU: QESST ERC Consortium,ASU: QESST ERC Consortium,Fraser,Matthew,B1346,IAFSE-ECEE: QESST ERC Consortium,IAFSE-ECEE: QESST ERC Consortium,QESST Project 2: Advanced Silicon Solar Cell Manufacturing and Characterization,Taylor,$221,$221,8/15/2012,8/14/2014,8/14/2014,Team 3,Closed,$221,$221,$221
AWD00026248,2011-01901-01,<a href='https://era2.oked.asu.edu/Grants/sd/Rooms/DisplayPages/LayoutInitial?Container=com.webridge.entity.Entity[OID[4AAE18F9D2CC194680F501EEB464BBC9]]'>GR27522</a> ,University of Illinois: Board of Trustees ,University of Illinois: Board of Trustees ,National Science Foundation (NSF),National Science Foundation (NSF),Rajagopalan,Jagannathan,B1315,Mechanical and Aerospace Engineering,Mechanical and Aerospace Engineering,Exploring Size Dependent Brittle-to-Ductile Transition in Single Crystal Silicon Using High Temperature MEMS,Coley-Bing,"$44,067","$44,067",9/1/2012,6/30/2015,6/30/2015,Team 1,Closed,"$44,067","$44,067","$44,067"
AWD00025823,1206795,<a href='https://era2.oked.asu.edu/Grants/sd/Rooms/DisplayPages/LayoutInitial?Container=com.webridge.entity.Entity[OID[7A3373F2CB71A94FAF51D41D805FF4B6]]'>GR27507</a> ,National Science Foundation (NSF),National Science Foundation (NSF),,,Chan,Candace,B1343004,IAFSE-SEMTE: Materials Science and Engineering,IAFSE-SEMTE: Materials Science and Engineering,Synthesis and electrochemical studies of doped and framework substituted silicon clathrates,Mun,"$390,000","$390,000",9/1/2012,8/31/2016,8/31/2016,Team 2,Closed,"$390,000","$390,000","$390,000"
AWD00025881,1162619,<a href='https://era2.oked.asu.edu/Grants/sd/Rooms/DisplayPages/LayoutInitial?Container=com.webridge.entity.Entity[OID[B345B6976A37444E8DE84BB96C3CDC60]]'>GR27506</a> ,National Science Foundation (NSF),National Science Foundation (NSF),,,Jiang,Hanqing,B1315,Mechanical and Aerospace Engineering,Mechanical and Aerospace Engineering,Theoretical and Experimental Investigations of Coupled Mechanics and Electrochemistry in Silicon Anodes Lithium Ion Batteries,Coley-Bing,"$75,000","$75,000",9/1/2012,8/31/2014,8/31/2014,Team 1,Closed,"$75,000","$75,000","$75,000"
AWD00026674,1336297,<a href='https://era2.oked.asu.edu/Grants/sd/Rooms/DisplayPages/LayoutInitial?Container=com.webridge.entity.Entity[OID[3235E37EDB0E9040AC35215F802B9ABB]]'>GR08367</a> ,National Science Foundation (NSF),National Science Foundation (NSF),,,Tao,Meng,B1310,IAFSE-ECEE: Electrical Engineering,IAFSE-ECEE: Electrical Engineering,High Efficiency Schottky Barrier Silicon Solar Cells,Stewart,"$388,725","$388,725",9/1/2013,8/31/2017,8/31/2017,Team 1,Closed,"$388,725","$388,725","$388,725"
AWD00026901,DE-EE0006335,<a href='https://era2.oked.asu.edu/Grants/sd/Rooms/DisplayPages/LayoutInitial?Container=com.webridge.entity.Entity[OID[546B2BCC59F9FD4F83E8C84F0A7844F9]]'>GR08394</a> ,DOE: Office of Energy Efficiency and Renewable Energy (EERE),DOE: Office of Energy Efficiency and Renewable Energy (EERE),,,Bowden,Stuart,B1310,IAFSE-ECEE: Electrical Engineering,IAFSE-ECEE: Electrical Engineering,Thin Silicon Solar Cells: A Path to 35 Shockley-Queisser Limits,Stewart,"$3,496,535","$3,496,535",9/30/2013,4/30/2017,4/30/2017,Team 1,Closed,"$3,496,535","$3,496,535","$3,496,535"
AWD00027160,ASU20131001,<a href='https://era2.oked.asu.edu/Grants/sd/Rooms/DisplayPages/LayoutInitial?Container=com.webridge.entity.Entity[OID[CA193BF5171EB646A2CE0672BEDACC8A]]'>GR08420</a> ,Applied Materials,Applied Materials,DOE: Advanced Research Projects Agency-Energy (ARPA-E),DOE: Advanced Research Projects Agency-Energy (ARPA-E),Bowden,Stuart,B1310,IAFSE-ECEE: Electrical Engineering,IAFSE-ECEE: Electrical Engineering,KERF-less Crystalline-Silicon PV: Gas to Modules,Stewart,"$831,266","$831,266",10/1/2013,9/30/2016,9/30/2016,Team 1,Closed,"$831,266","$831,266","$831,266"
AWD00027242,Ltr dated 12/18/13,<a href='https://era2.oked.asu.edu/Grants/sd/Rooms/DisplayPages/LayoutInitial?Container=com.webridge.entity.Entity[OID[84795232B41E1246953FC50C9300A14A]]'>GR26667</a> ,Arizona State University Foundation (ASUF),Arizona State University Foundation (ASUF),ON Semiconductor,ON Semiconductor,Alford,Terry,B1343004,IAFSE-SEMTE: Materials Science and Engineering,IAFSE-SEMTE: Materials Science and Engineering,The Effect of Silicon Quality on LDMOS Device Reverse Recovery (ASUF 30005875),Mun,"$60,000","$60,000",1/1/2014,12/31/2017,12/31/2017,Team 2,Closed,"$60,000","$60,000","$60,000"
AWD00027579,B607983,<a href='https://era2.oked.asu.edu/Grants/sd/Rooms/DisplayPages/LayoutInitial?Container=com.webridge.entity.Entity[OID[D179B9158E410C4D82D7DD8E94B979A2]]'>GR27559</a> ,DOE: Lawrence Livermore National Laboratory (LLNL),DOE: Lawrence Livermore National Laboratory (LLNL),DOE: National Nuclear Security Administration (NNSA),DOE: National Nuclear Security Administration (NNSA),Jiang,Hanqing,B1343003,IAFSE-SEMTE: Mechanical and Aerospace Engineering,IAFSE-SEMTE: Mechanical and Aerospace Engineering,Phase-field model for stress-dependent Ginsberg-Landau kinetics for large deformation of silicon anodes,Mun,"$25,000","$25,000",4/21/2014,9/30/2014,9/30/2014,Team 2,Closed,"$25,000","$25,000","$25,000"
AWD00028118,LTR 09/09/14,<a href='https://era2.oked.asu.edu/Grants/sd/Rooms/DisplayPages/LayoutInitial?Container=com.webridge.entity.Entity[OID[C44A8C1A87C40842A3D92DDB8DEA23D7]]'>GR16182</a> ,ASU: QESST ERC Consortium,ASU: QESST ERC Consortium,,,Bowden,Stuart,B1346,IAFSE-ECEE: QESST ERC Consortium,IAFSE-ECEE: QESST ERC Consortium,QESST Yr 4 Project 2: Advanced Silicon Solar Cell Manufacturing and Characterization,Taylor,"$91,888","$91,888",8/1/2014,7/31/2021,7/31/2021,Team 3,Closed,"$91,888","$91,888","$91,888"
AWD00028393,001,<a href='https://era2.oked.asu.edu/Grants/sd/Rooms/DisplayPages/LayoutInitial?Container=com.webridge.entity.Entity[OID[CE26534BDF73BB41A9A6B730184F2C77]]'>GR08497</a> ,Technic Inc,Technic Inc,US Department of Energy (DOE),US Department of Energy (DOE),Bowden,Stuart,B1310,IAFSE-ECEE: Electrical Engineering,IAFSE-ECEE: Electrical Engineering,Silver-free Metallization for Producing High Efficiency Industrial Silicon Solar Cells,Stewart,"$399,923","$399,923",10/1/2014,12/31/2017,12/31/2017,Team 1,Closed,"$399,923","$399,923","$399,923"
AWD00028245,AGMT 04/01/15,<a href='https://era2.oked.asu.edu/Grants/sd/Rooms/DisplayPages/LayoutInitial?Container=com.webridge.entity.Entity[OID[BC1154A44A1FC74C9645D374F552EE2F]]'>GR08490</a> ,SolarWorld Americas Inc.,SolarWorld Americas Inc.,DOE: Office of Energy Efficiency and Renewable Energy (EERE),DOE: Office of Energy Efficiency and Renewable Energy (EERE),Bertoni,Mariana,B1310,IAFSE-ECEE: Electrical Engineering,IAFSE-ECEE: Electrical Engineering,NeoGrowth Silicon: US Manufacturing of Solar Wafers,Stewart,"$194,484","$194,484",11/1/2014,6/30/2017,6/30/2017,Team 1,Closed,"$194,484","$194,484","$194,484"
AWD00029137,1509864,<a href='https://era2.oked.asu.edu/Grants/sd/Rooms/DisplayPages/LayoutInitial?Container=com.webridge.entity.Entity[OID[3E91A7450EF7BE47BE57F2D05AAAB592]]'>GR08578</a> ,National Science Foundation (NSF),National Science Foundation (NSF),,,Holman,Zachary,B1310,IAFSE-ECEE: Electrical Engineering,IAFSE-ECEE: Electrical Engineering,UNS: Collaborative Research: 30 Percent-Efficient III-V Silicon Tandem Solar Cells,Stewart,"$140,850","$140,850",8/15/2015,7/31/2018,7/31/2018,Team 1,Expired,"$140,850","$140,850","$140,850"
AWD00029701,XEJ-6-62141-01,<a href='https://era2.oked.asu.edu/Grants/sd/Rooms/DisplayPages/LayoutInitial?Container=com.webridge.entity.Entity[OID[A0011F2AFE62D7469CD4EAB19432CB83]]'>GR08628</a> ,DOE: National Renewable Energy Laboratory (NREL),DOE: National Renewable Energy Laboratory (NREL),,,Holman,Zachary,B1310,IAFSE-ECEE: Electrical Engineering,IAFSE-ECEE: Electrical Engineering,Dopant Patterning via Spray Deposition for High Efficiency Interdigitated Back Contact (IBC) Silicon Solar Cells,Stewart,"$70,000","$105,000",1/26/2016,1/25/2019,1/25/2019,Team 1,Closed,"$70,000","$70,000","$105,000"
AWD00029927,42040-022216-01,<a href='https://era2.oked.asu.edu/Grants/sd/Rooms/DisplayPages/LayoutInitial?Container=com.webridge.entity.Entity[OID[970B859A36554540809F6AE61036088F]]'>GR08654</a> ,"Structured Materials Industries, Inc.","Structured Materials Industries, Inc.",US Department of Energy (DOE),US Department of Energy (DOE),Yu,Hongbin,B1310,IAFSE-ECEE: Electrical Engineering,IAFSE-ECEE: Electrical Engineering,Silicon Based Photonic Components for High Performance Computing (HPC) Networks,Stewart,"$50,000","$50,000",2/22/2016,11/21/2016,11/21/2016,Team 1,Closed,"$50,000","$50,000","$50,000"
AWD00030119,4500015166,<a href='https://era2.oked.asu.edu/Grants/sd/Rooms/DisplayPages/LayoutInitial?Container=com.webridge.entity.Entity[OID[E4EECC4C2331FE428C534ED7C2228B28]]'>GR08651</a> ,SolarWorld Americas Inc.,SolarWorld Americas Inc.,,,Bertoni,Mariana,B1310,IAFSE-ECEE: Electrical Engineering,IAFSE-ECEE: Electrical Engineering,NeoGrowth Silicon: US Manufacturing of Solar Wafers,Stewart,"$39,649","$39,649",3/31/2016,3/31/2017,3/31/2017,Team 1,Closed,"$39,649","$39,649","$39,649"
AWD00030146,DE-EE0007368,<a href='https://era2.oked.asu.edu/Grants/sd/Rooms/DisplayPages/LayoutInitial?Container=com.webridge.entity.Entity[OID[E5CFFF7F44764B428D4277B39ED88BA8]]'>GR08656</a> ,DOE: Office of Energy Efficiency and Renewable Energy (EERE),DOE: Office of Energy Efficiency and Renewable Energy (EERE),,,Holman,Zachary,B1310,IAFSE-ECEE: Electrical Engineering,IAFSE-ECEE: Electrical Engineering,A New Class of Tandems: Optically Coupled III-V Silicon Module with Outdoor Efficiency Exceeding 30 Percent,Stewart,"$213,335","$213,335",5/1/2016,4/30/2017,4/30/2017,Team 1,Closed,"$213,335","$213,335","$213,335"
AWD00030235,DE-EE0007367,<a href='https://era2.oked.asu.edu/Grants/sd/Rooms/DisplayPages/LayoutInitial?Container=com.webridge.entity.Entity[OID[DD910BE57DE8F0428F299D0C6A16FC33]]'>GR08688</a> ,DOE: Office of Energy Efficiency and Renewable Energy (EERE),DOE: Office of Energy Efficiency and Renewable Energy (EERE),,,Bertoni,Mariana,B1310,IAFSE-ECEE: Electrical Engineering,IAFSE-ECEE: Electrical Engineering,Sound Assisted Low Temperature Spalling for Low Cost Silicon Modules,Stewart,"$179,284","$179,284",5/1/2016,4/30/2017,4/30/2017,Team 1,Closed,"$179,284","$179,284","$179,284"
AWD00030690,DE-EE0007540,<a href='https://era2.oked.asu.edu/Grants/sd/Rooms/DisplayPages/LayoutInitial?Container=com.webridge.entity.Entity[OID[258156E39679564F9B6E17680E8A91D4]]'>GR08707</a> ,DOE: Office of Energy Efficiency and Renewable Energy (EERE),DOE: Office of Energy Efficiency and Renewable Energy (EERE),,,Bowden,Stuart,B1310,IAFSE-ECEE: Electrical Engineering,IAFSE-ECEE: Electrical Engineering,Pushing the Limits of Silicon Heterojunction Technology: Reaching 26 Percent Efficiency and Improving Electrical Yield,Stewart,"$835,156","$835,156",8/1/2016,7/31/2018,7/31/2018,Team 1,Expired,"$835,156","$835,156","$835,156"
AWD00030739,DE-EE0007538,<a href='https://era2.oked.asu.edu/Grants/sd/Rooms/DisplayPages/LayoutInitial?Container=com.webridge.entity.Entity[OID[B45E1C26B972284092875E5ACFA2BD61]]'>GR08728</a> ,DOE: Office of Energy Efficiency and Renewable Energy (EERE),DOE: Office of Energy Efficiency and Renewable Energy (EERE),,,Holman,Zachary,B1310,IAFSE-ECEE: Electrical Engineering,IAFSE-ECEE: Electrical Engineering,Monolithic Silicon Module Manufacturing,Stewart,"$800,000","$800,000",8/1/2016,1/31/2020,1/31/2020,Team 1,Expired,"$800,000","$800,000","$800,000"
AWD00032034,61559157-51077,<a href='https://era2.oked.asu.edu/Grants/sd/Rooms/DisplayPages/LayoutInitial?Container=com.webridge.entity.Entity[OID[F098B0BC9598B24097F5C4345FDE99FC]]'>GR08838</a> ,Stanford University,Stanford University,DOE: Office of Energy Efficiency and Renewable Energy (EERE),DOE: Office of Energy Efficiency and Renewable Energy (EERE),Bowden,Stuart,B1310,IAFSE-ECEE: Electrical Engineering,IAFSE-ECEE: Electrical Engineering,Economic Silicon Heterojunction Solar Cells with Optimized Photon Management,Stewart,"$100,000","$100,000",9/1/2016,5/31/2018,5/31/2018,Team 1,Expired,"$100,000","$100,000","$100,000"
AWD00030731,D16AP00094,<a href='https://era2.oked.asu.edu/Grants/sd/Rooms/DisplayPages/LayoutInitial?Container=com.webridge.entity.Entity[OID[30CCAC2FBA9A534283CA171CC7100725]]'>GR08726</a> ,DOD: Defense Advanced Research Projects Agency (DARPA),DOD: Defense Advanced Research Projects Agency (DARPA),,,Kitchen,Jennifer,B1310,IAFSE-ECEE: Electrical Engineering,IAFSE-ECEE: Electrical Engineering,Hybrid Silicon GaN-Based Digital Transmitter Hardware for Realizing Wideband Transmitter-to-Antenna Interfaces,Stewart,"$499,978","$922,999",9/15/2016,9/14/2019,9/14/2019,Team 1,Closed,"$499,978","$499,978","$922,999"
AWD00031234,25-1123-0033-003,<a href='https://era2.oked.asu.edu/Grants/sd/Rooms/DisplayPages/LayoutInitial?Container=com.webridge.entity.Entity[OID[7995D830A958204C9AFBA7AABD0EA5D7]]'>GR08781</a> ,University of Nebraska: Lincoln,University of Nebraska: Lincoln,US Department of Energy (DOE),US Department of Energy (DOE),Holman,Zachary,B1310,IAFSE-ECEE: Electrical Engineering,IAFSE-ECEE: Electrical Engineering,Developing Efficient Perovskite Silicon Tandem Devices,Stewart,"$58,818","$58,818",11/1/2016,3/31/2018,3/31/2018,Team 1,Expired,"$58,818","$58,818","$58,818"
AWD00031179,NSF2017-01,<a href='https://era2.oked.asu.edu/Grants/sd/Rooms/DisplayPages/LayoutInitial?Container=com.webridge.entity.Entity[OID[D3BF8861E1BB7142B73903C4273BF69D]]'>GR08777</a> ,"Malachite Technologies, LLC","Malachite Technologies, LLC",NSF-ENG-IIP: Office of Small Business Research  Development (OSBRD),NSF-ENG-IIP: Office of Small Business Research  Development (OSBRD),Holman,Zachary,B1310,IAFSE-ECEE: Electrical Engineering,IAFSE-ECEE: Electrical Engineering,SBIR Phase I: Low Damage Sputter Magnetron for Silicon Heterojunction PV Production,Stewart,"$50,000","$50,000",12/15/2016,11/30/2017,11/30/2017,Team 1,Closed,"$50,000","$50,000","$50,000"
AWD00031333,1651686,<a href='https://era2.oked.asu.edu/Grants/sd/Rooms/DisplayPages/LayoutInitial?Container=com.webridge.entity.Entity[OID[97020AC9AA7E814DAB98BD40F2402DDA]]'>GR18089</a> ,National Science Foundation (NSF),National Science Foundation (NSF),,,Trovitch,Ryan,B1715,"CLAS-NS: Molecular Sciences, School of (SMS)","CLAS-NS: Molecular Sciences, School of (SMS)",CAREER: SusChEM: Development of Manganese Hydrosilylation Catalysts for Silicone Curing,Taylor,"$650,000","$650,000",3/13/2017,5/31/2023,5/31/2023,Team 3,Expired,"$650,000","$650,000","$650,000"
AWD00031417,1664710,<a href='https://era2.oked.asu.edu/Grants/sd/Rooms/DisplayPages/LayoutInitial?Container=com.webridge.entity.Entity[OID[CE5DBB51F3FB5248A76FCBF7C90A746B]]'>GR08789</a> ,National Science Foundation (NSF),National Science Foundation (NSF),,,Holman,Zachary,B1310,IAFSE-ECEE: Electrical Engineering,IAFSE-ECEE: Electrical Engineering,EAGER: TDM Solar Cells: Collaborative Research: 30 Percent-Efficient Stable Perovskite Silicon Monolithic Tandem Solar Cells,Stewart,"$110,165","$110,165",4/15/2017,3/31/2019,3/31/2019,Team 1,Expired,"$110,165","$110,165","$110,165"
AWD00031442,1665299,<a href='https://era2.oked.asu.edu/Grants/sd/Rooms/DisplayPages/LayoutInitial?Container=com.webridge.entity.Entity[OID[3A2522F68D487E4CA278EC2542A92E8D]]'>GR08788</a> ,National Science Foundation (NSF),National Science Foundation (NSF),,,King,Richard,B1310,IAFSE-ECEE: Electrical Engineering,IAFSE-ECEE: Electrical Engineering,EAGER: TDM Solar Cells: Collaborative Research: Monolithic 2-Junction Polycrystalline II-VI  Silicon Solar Cells,Stewart,"$179,899","$179,899",5/15/2017,4/30/2020,4/30/2020,Team 1,Expired,"$179,899","$179,899","$179,899"
AWD00031608,1711412,<a href='https://era2.oked.asu.edu/Grants/sd/Rooms/DisplayPages/LayoutInitial?Container=com.webridge.entity.Entity[OID[953D4F52BBFF6945B82DFF070C8B74C9]]'>GR08794</a> ,National Science Foundation (NSF),National Science Foundation (NSF),,,Wang,Chao,B1310,IAFSE-ECEE: Electrical Engineering,IAFSE-ECEE: Electrical Engineering,Collaborative Research: Silicon Nano-Opto-Fluidics Enabled Multi-Dimensional High-Throughput Molecular and Size Profiling of Exosomes,Stewart,"$169,349","$169,349",7/1/2017,6/30/2020,6/30/2020,Team 1,Closed,"$169,349","$169,349","$169,349"
AWD00031739,AGR 07/20/17,<a href='https://era2.oked.asu.edu/Grants/sd/Rooms/DisplayPages/LayoutInitial?Container=com.webridge.entity.Entity[OID[D96D39185CA4C9479021A82B48BEBA46]]'>GR08826</a> ,"TG Companies, LLC","TG Companies, LLC",National Science Foundation (NSF),National Science Foundation (NSF),Goryll,Michael,B1310,IAFSE-ECEE: Electrical Engineering,IAFSE-ECEE: Electrical Engineering,Profitable Recycling of Silicon Solar Cells and Modules,Stewart,"$73,999","$73,999",7/1/2017,12/31/2018,12/31/2018,Team 1,Closed,"$73,999","$73,999","$73,999"
AWD00032354,42066-20170716-01,<a href='https://era2.oked.asu.edu/Grants/sd/Rooms/DisplayPages/LayoutInitial?Container=com.webridge.entity.Entity[OID[04F2E63EBDE448438A828A026976CDA1]]'>GR08857</a> ,"Structured Materials Industries, Inc.","Structured Materials Industries, Inc.",US Department of Energy (DOE),US Department of Energy (DOE),Yu,Hongbin,B1310,IAFSE-ECEE: Electrical Engineering,IAFSE-ECEE: Electrical Engineering,SBIRSTTR Phase II: Silicon Based Photonic Components for High Performance Computing (HPC) Networks,Stewart,"$280,000","$280,000",9/4/2017,9/10/2019,9/10/2019,Team 1,Closed,"$280,000","$280,000","$280,000"
AWD00032365,61615333-128599,<a href='https://era2.oked.asu.edu/Grants/sd/Rooms/DisplayPages/LayoutInitial?Container=com.webridge.entity.Entity[OID[74E0BA2A10FAC6419523F0F72CF65D96]]'>GR08865</a> ,Stanford University,Stanford University,DOE: Office of Energy Efficiency and Renewable Energy (EERE),DOE: Office of Energy Efficiency and Renewable Energy (EERE),Holman,Zachary,B1310,IAFSE-ECEE: Electrical Engineering,IAFSE-ECEE: Electrical Engineering,Mechanically Stacked Perovskite on Silicon Tandem Solar Cells,Stewart,"$224,901","$250,110",10/1/2017,3/31/2021,3/31/2021,Team 1,Expired,"$224,901","$224,901","$250,110"
AWD00032477,2017/RND005/RG172449,<a href='https://era2.oked.asu.edu/Grants/sd/Rooms/DisplayPages/LayoutInitial?Container=com.webridge.entity.Entity[OID[4C175A4E8096C84C956506F498C44C70]]'>GR30922</a> ,University of New South Wales (UNSW),University of New South Wales (UNSW),Australian Renewable Energy Agency (ARENA),Australian Renewable Energy Agency (ARENA),Holman,Zachary,B1310,IAFSE-ECEE: Electrical Engineering,IAFSE-ECEE: Electrical Engineering,Hydrogenated and Hybrid Heterojunction p-type Silicon PV Cells RD,Stewart,"$154,294","$154,294",1/1/2018,12/31/2021,12/31/2021,Team 1,Expired,"$154,294","$154,294","$154,294"
AWD00032437,XEJ-8-82093-01,<a href='https://era2.oked.asu.edu/Grants/sd/Rooms/DisplayPages/LayoutInitial?Container=com.webridge.entity.Entity[OID[49C452B9A4491A4EBFC3DFACDBE0F3B7]]'>GR30921</a> ,DOE: National Renewable Energy Laboratory (NREL),DOE: National Renewable Energy Laboratory (NREL),,,Holman,Zachary,B1310,IAFSE-ECEE: Electrical Engineering,IAFSE-ECEE: Electrical Engineering,PERC and SHJ Silicon Solar Modules with High Infrared Reflectance,Stewart,"$68,259","$68,259",1/18/2018,9/30/2018,9/30/2018,Team 1,Expired,"$68,259","$68,259","$68,259"
AWD00033809,5112969,<a href='https://era2.oked.asu.edu/Grants/sd/Rooms/DisplayPages/LayoutInitial?Container=com.webridge.entity.Entity[OID[06DA1CD35D2F0342B7E89484902B11A9]]'>GR36252</a> ,University of North Carolina: Chapel Hill,University of North Carolina: Chapel Hill,DOE: Office of Energy Efficiency and Renewable Energy (EERE),DOE: Office of Energy Efficiency and Renewable Energy (EERE),Holman,Zachary,B1310,IAFSE-ECEE: Electrical Engineering,IAFSE-ECEE: Electrical Engineering,Developing Efficient Perovskite/Silicon Tandem Devices,Stewart,"$59,752","$59,752",5/1/2018,9/30/2019,9/30/2019,Team 1,Expired,"$59,752","$59,752","$59,752"
AWD00033496,SMI42111-20180727-01,<a href='https://era2.oked.asu.edu/Grants/sd/Rooms/DisplayPages/LayoutInitial?Container=com.webridge.entity.Entity[OID[F722BE4182859C4D89643596AF56EFB6]]'>GR35779</a> ,"Structured Materials Industries, Inc.","Structured Materials Industries, Inc.",NASA: Headquarters,NASA: Headquarters,Yu,Hongbin,B1310,IAFSE-ECEE: Electrical Engineering,IAFSE-ECEE: Electrical Engineering,NASA STTR Phase I: SiGeSn-based Emitter for Silicon Photonic Integrated Circuits,Stewart,"$39,604","$39,604",7/27/2018,8/25/2019,8/25/2019,Team 1,Closed,"$39,604","$39,604","$39,604"
AWD00033092,80NSSC18K1269,<a href='https://era2.oked.asu.edu/Grants/sd/Rooms/DisplayPages/LayoutInitial?Container=com.webridge.entity.Entity[OID[191A964CADA5A04DA039CBCCA7018304]]'>GR34910</a> ,NASA: Headquarters,NASA: Headquarters,,,Ray,Soumya,B1702,"CLAS-NS: Earth and Space Exploration, School of (SESE)","CLAS-NS: Earth and Space Exploration, School of (SESE)",NESSF:  A combined investigation of iron and silicon isotopes in meteorites: Impl,Stewart,"$122,682","$122,682",9/1/2018,2/28/2022,2/28/2022,Team 1,Expired,"$122,682","$122,682","$122,682"
AWD00033520,AGR 12/19/18,<a href='https://era2.oked.asu.edu/Grants/sd/Rooms/DisplayPages/LayoutInitial?Container=com.webridge.entity.Entity[OID[97B1D54F67C6E8419BA3F96B3CBA02F4]]'>GR35872</a> ,"TG Companies, LLC","TG Companies, LLC",National Science Foundation (NSF),National Science Foundation (NSF),Tao,Meng,B1310,IAFSE-ECEE: Electrical Engineering,IAFSE-ECEE: Electrical Engineering,Profitable Recycling of Silicon Solar Cells and Modules,Stewart,"$90,000","$90,000",9/15/2018,8/31/2021,8/31/2021,Team 1,Closed,"$90,000","$90,000","$90,000"
AWD00033613,DE-EE0008552,<a href='https://era2.oked.asu.edu/Grants/sd/Rooms/DisplayPages/LayoutInitial?Container=com.webridge.entity.Entity[OID[F659E1597B1A4446B7643C79E08B224B]]'>GR36036</a> ,DOE: Office of Energy Efficiency and Renewable Energy (EERE),DOE: Office of Energy Efficiency and Renewable Energy (EERE),,,Holman,Zachary,B1310,IAFSE-ECEE: Electrical Engineering,IAFSE-ECEE: Electrical Engineering,Diagnosing and overcoming recombination and resistive losses in non-silicon solar,Stewart,"$1,140,000","$1,140,000",1/1/2019,6/30/2022,6/30/2022,Team 1,Expired,"$1,140,000","$1,140,000","$1,140,000"
AWD00033631,DE-EE0008549,<a href='https://era2.oked.asu.edu/Grants/sd/Rooms/DisplayPages/LayoutInitial?Container=com.webridge.entity.Entity[OID[54B57ADD6A81DB40AC50C5A037EEA5B1]]'>GR35963</a> ,DOE: Office of Energy Efficiency and Renewable Energy (EERE),DOE: Office of Energy Efficiency and Renewable Energy (EERE),,,Rodrigues Augusto,Andre Filipe,B1310,IAFSE-ECEE: Electrical Engineering,IAFSE-ECEE: Electrical Engineering,Impact of undoped substrates on high performance silicon solar cells,Stewart,"$200,000","$200,000",1/1/2019,6/30/2020,6/30/2020,Team 1,Closed,"$200,000","$200,000","$200,000"
AWD00033698,DE-EE0008553,<a href='https://era2.oked.asu.edu/Grants/sd/Rooms/DisplayPages/LayoutInitial?Container=com.webridge.entity.Entity[OID[3CA837EBDDADAB4C8929C031B93CE69B]]'>GR36028</a> ,DOE: Office of Energy Efficiency and Renewable Energy (EERE),DOE: Office of Energy Efficiency and Renewable Energy (EERE),,,Holman,Zachary,B1310,IAFSE-ECEE: Electrical Engineering,IAFSE-ECEE: Electrical Engineering,Bringing high-efficiency silicon solar cells with heterojunction contacts to mark,Stewart,"$1,000,000","$1,000,000",1/1/2019,6/30/2022,6/30/2022,Team 1,Expired,"$1,000,000","$1,000,000","$1,000,000"
AWD00033674,LTR 2/6/2019,<a href='https://era2.oked.asu.edu/Grants/sd/Rooms/DisplayPages/LayoutInitial?Container=com.webridge.entity.Entity[OID[350E824B4EA6574FA91AEC2E2ABE563F]]'>GR36080</a> ,ASU: Consortium for Embedded Systems,ASU: Consortium for Embedded Systems,,,Kitchen,Jennifer,B1342008,"IAFSE-SCAI: Embedded Systems, Consortium for (CES)","IAFSE-SCAI: Embedded Systems, Consortium for (CES)",Silicon Process Study for Innovating Future RF Communication Integrated Circuits,Taylor,"$47,661","$47,661",2/6/2019,8/31/2020,8/31/2020,Team 3,Closed,"$47,661","$47,661","$47,661"
AWD00033731,XAT-9-92058-01,<a href='https://era2.oked.asu.edu/Grants/sd/Rooms/DisplayPages/LayoutInitial?Container=com.webridge.entity.Entity[OID[480A7D877F82CB4FB204CB40E10C2BCA]]'>GR36198</a> ,DOE: National Renewable Energy Laboratory (NREL),DOE: National Renewable Energy Laboratory (NREL),DOE: Office of Energy Efficiency and Renewable Energy (EERE),DOE: Office of Energy Efficiency and Renewable Energy (EERE),Holman,Zachary,B1310,IAFSE-ECEE: Electrical Engineering,IAFSE-ECEE: Electrical Engineering,"Silicon Solar Research: Passivated Contacts, Metallization, and Bulk Defects",Stewart,"$579,257","$804,488",3/13/2019,9/30/2021,3/12/2022,Team 1,Expired,"$579,257","$579,257","$804,488"
AWD00033773,1904544,<a href='https://era2.oked.asu.edu/Grants/sd/Rooms/DisplayPages/LayoutInitial?Container=com.webridge.entity.Entity[OID[259DBA1C4A58E343B7892E0398E5B7DE]]'>GR36111</a> ,National Science Foundation (NSF),National Science Foundation (NSF),,,Tao,Meng,B1310,IAFSE-ECEE: Electrical Engineering,IAFSE-ECEE: Electrical Engineering,Sustainable Recycling of Silicon Solar Modules,Stewart,"$309,036","$309,036",6/1/2019,5/31/2022,5/31/2022,Team 1,Expired,"$309,036","$309,036","$309,036"
AWD00034425,FSA082019-1,<a href='https://era2.oked.asu.edu/Grants/sd/Rooms/DisplayPages/LayoutInitial?Container=com.webridge.entity.Entity[OID[F72A960A0EE0EC4CA140B7D61C5B1C8C]]'>GR37240</a> ,AmberWave Inc.,AmberWave Inc.,National Science Foundation (NSF),National Science Foundation (NSF),Dauksher,William,B1310,IAFSE-ECEE: Electrical Engineering,IAFSE-ECEE: Electrical Engineering,Ultra-Thin Silicon Heterojunction Solar Cells,Stewart,"$75,000","$75,000",7/1/2019,12/31/2020,12/31/2020,Team 1,Expired,"$75,000","$75,000","$75,000"
AWD00034430,5114362,<a href='https://era2.oked.asu.edu/Grants/sd/Rooms/DisplayPages/LayoutInitial?Container=com.webridge.entity.Entity[OID[9D781181111E1E43B11731971A7532FA]]'>GR37352</a> ,University of North Carolina: Chapel Hill,University of North Carolina: Chapel Hill,DOE: Office of Energy Efficiency and Renewable Energy (EERE),DOE: Office of Energy Efficiency and Renewable Energy (EERE),Holman,Zachary,B1310,IAFSE-ECEE: Electrical Engineering,IAFSE-ECEE: Electrical Engineering,Scalable Manufacturing of Efficient Perovskite/Silicon Tandem Modules,Stewart,"$380,000","$380,000",8/1/2019,1/31/2023,1/31/2023,Team 1,Expired,"$380,000","$380,000","$380,000"
AWD00034631,S7152-01-ASU,<a href='https://era2.oked.asu.edu/Grants/sd/Rooms/DisplayPages/LayoutInitial?Container=com.webridge.entity.Entity[OID[693F3363927104438918C87B79A04B10]]'>GR37498</a> ,Freedom Photonics,Freedom Photonics,US Department of Defense (DOD),US Department of Defense (DOD),Kouvetakis,John,B1715,"CLAS-NS: Molecular Sciences, School of (SMS)","CLAS-NS: Molecular Sciences, School of (SMS)","Low-Cost,Uncooled, NIR and SWIR FPA Using SiGeSn on Silicon",Taylor,"$24,750","$37,250",9/5/2019,3/3/2020,7/3/2020,Team 3,Closed,"$24,750","$24,750","$37,250"
AWD00035323,DE-SC0020722,<a href='https://era2.oked.asu.edu/Grants/sd/Rooms/DisplayPages/LayoutInitial?Container=com.webridge.entity.Entity[OID[860591B0059C114182FC7AD52D57EE93]]'>GR38619</a> ,"TG Companies, LLC","TG Companies, LLC",US Department of Energy (DOE),US Department of Energy (DOE),Tao,Meng,B1310,IAFSE-ECEE: Electrical Engineering,IAFSE-ECEE: Electrical Engineering,A Light-Induced Aluminum Plating Tool for Substitution of Silver in Silicon Solar Cells,Stewart,"$62,999","$62,999",6/29/2020,8/23/2021,8/23/2021,Team 1,Closeout Started,"$62,999","$62,999","$62,999"
AWD00035315,TBD,,NASA: Headquarters,NASA: Headquarters,,,Wadhwa,Meenakshi,B1702,"CLAS-NS: Earth and Space Exploration, School of (SESE)","CLAS-NS: Earth and Space Exploration, School of (SESE)",VOIDED - A combined investigation of iron and silicon isotopes in meteorites: Implications for planetary accretion and differentiation NESSF Ray,Stewart,$0,"$41,251",9/1/2020,,8/31/2021,Team 1,Voided,$0,$0,"$41,251"
AWD00035547,202833,<a href='https://era2.oked.asu.edu/Grants/sd/Rooms/DisplayPages/LayoutInitial?Container=com.webridge.entity.Entity[OID[3362A14660DC4A4A8DFEF4F918F213BE]]'>GR39044</a> ,DOE: SLAC National Accelerator Laboratory,DOE: SLAC National Accelerator Laboratory,DOE: Headquarters,DOE: Headquarters,Bertoni,Mariana,B1310,IAFSE-ECEE: Electrical Engineering,IAFSE-ECEE: Electrical Engineering,Insitu Mapping of Deformation in Crystalline Silicon Modules: Understanding the Effects of Viscoelasticity,Stewart,"$300,530","$300,530",10/1/2020,9/30/2022,9/30/2022,Team 1,Expired,"$300,530","$300,530","$300,530"
AWD00036595,DE-EE0009346,<a href='https://era2.oked.asu.edu/Grants/sd/Rooms/DisplayPages/LayoutInitial?Container=com.webridge.entity.Entity[OID[1F3C1504470811EC4584D82396565000]]'>GR41036</a> ,DOE: Office of Energy Efficiency and Renewable Energy (EERE),DOE: Office of Energy Efficiency and Renewable Energy (EERE),,,Bertoni,Mariana,B1310,IAFSE-ECEE: Electrical Engineering,IAFSE-ECEE: Electrical Engineering,2243-1704 The Role of Hydrogen in the Performance and long-term Stability of High-Efficiency Silicon Cells and Modules,Stewart,"$1,725,000","$1,725,000",10/1/2021,5/31/2025,5/31/2025,Team 1,Expired,"$1,725,000","$1,725,000","$1,725,000"
AWD00036821,DE-EE0009526,<a href='https://era2.oked.asu.edu/Grants/sd/Rooms/DisplayPages/LayoutInitial?Container=com.webridge.entity.Entity[OID[7137ED65643311EC4884D82396565000]]'>GR41194</a> ,NTACT,NTACT,DOE: Office of Energy Efficiency and Renewable Energy (EERE),DOE: Office of Energy Efficiency and Renewable Energy (EERE),Holman,Zachary,B1310,IAFSE-ECEE: Electrical Engineering,IAFSE-ECEE: Electrical Engineering,Manufacturing 27%-efficient perovskite/silicon tandem photovoltaic cells using slot die coating at >5000 wafers per hour,Stewart,"$730,821","$889,463",10/1/2021,7/26/2024,7/26/2024,Team 1,Expired,"$730,821","$730,821","$889,463"
AWD00036726,AGR 11/3/21,<a href='https://era2.oked.asu.edu/Grants/sd/Rooms/DisplayPages/LayoutInitial?Container=com.webridge.entity.Entity[OID[34F0FFFD43F511EC4584D82396565000]]'>GR41024</a> ,Carlisle Companies Inc.,Carlisle Companies Inc.,,,Jin,Kailong,B1343005,IAFSE-SEMTE: Chemical Engineering,IAFSE-SEMTE: Chemical Engineering,Material Development and Surface Modification of Silicone Jacketed Cables via Chemical and Engineering Approaches,Mun,"$296,813","$296,813",10/15/2021,9/30/2023,9/30/2023,Team 2,Expired,"$296,813","$296,813","$296,813"
AWD00037685,Mikellides-01,<a href='https://era2.oked.asu.edu/Grants/sd/Rooms/DisplayPages/LayoutInitial?Container=com.webridge.entity.Entity[OID[60193DC927A211ED5584D82396565000]]'>GR42449</a> ,"LIBI Materials, Inc.","LIBI Materials, Inc.",,,Mikellides,Pavlos,B1347003,IAFSE-PS: Polytechnic Engineering Programs (EGR),IAFSE-PS: Polytechnic Engineering Programs (EGR),STC AMPED: Silicon Nanoparticle Synthesis by a Plasma Reactor - Throughput and Yield Modeling Analysis,Taylor,"$59,999","$59,999",8/1/2022,7/31/2024,7/31/2024,Team 3,Expired,"$59,999","$59,999","$59,999"
AWD00038045,RES600449,<a href='https://era2.oked.asu.edu/Grants/sd/Rooms/DisplayPages/LayoutInitial?Container=com.webridge.entity.Entity[OID[2EEF6A277A4111ED5A84D82396565000]]'>GR43158</a> ,Case Western Reserve University,Case Western Reserve University,DOE: Office of Energy Efficiency and Renewable Energy (EERE),DOE: Office of Energy Efficiency and Renewable Energy (EERE),Bertoni,Mariana,B1310,IAFSE-ECEE: Electrical Engineering,IAFSE-ECEE: Electrical Engineering,2206-1799 Accelerating Cycles of Learning of Advanced Silicon Architectures: Cell Processing Approaches and their effect on Degradation ,Stewart,"$105,000","$105,000",9/1/2022,12/31/2025,12/31/2025,Team 1,Active,"$105,000","$105,000","$105,000"
AWD00037925,21-01-RR-5014,<a href='https://era2.oked.asu.edu/Grants/sd/Rooms/DisplayPages/LayoutInitial?Container=com.webridge.entity.Entity[OID[5095D78CFF2611ED6684D82396565000]]'>GR43927</a> ,The REMADE Institute,The REMADE Institute,US Department of Energy (DOE),US Department of Energy (DOE),Tao,Meng,B1310,IAFSE-ECEE: Electrical Engineering,IAFSE-ECEE: Electrical Engineering,Recycling Technologies for Silicon Solar Modules,Stewart,"$485,407","$485,410",10/1/2022,9/30/2024,9/30/2024,Team 1,Expired,"$485,407","$485,407","$485,410"
AWD00037940,PO 2422047,<a href='https://era2.oked.asu.edu/Grants/sd/Rooms/DisplayPages/LayoutInitial?Container=com.webridge.entity.Entity[OID[2D288240595911ED5884D82396565000]]'>GR42954</a> ,DOE: Sandia National Laboratories (SNL),DOE: Sandia National Laboratories (SNL),,,Marinella,Matthew,B1310,IAFSE-ECEE: Electrical Engineering,IAFSE-ECEE: Electrical Engineering,Modeling and Simulation of Radiation Effects in Advanced Silicon Technologies,Stewart,"$170,000","$170,000",10/18/2022,9/30/2024,9/30/2024,Team 1,Expired,"$170,000","$170,000","$170,000"
AWD00038376,2235447,<a href='https://era2.oked.asu.edu/Grants/sd/Rooms/DisplayPages/LayoutInitial?Container=com.webridge.entity.Entity[OID[498FAC37DE2E11ED6284D82396565000]]'>GR43739</a> ,National Science Foundation (NSF),National Science Foundation (NSF),,,Menendez,Jose,B1717,CLAS-NS: Physics,CLAS-NS: Physics,FuSe-TG: Monolithic Heterointegration of GeSn and SiGeSn Alloys with Silicon Platforms,Taylor,"$300,000","$300,000",5/15/2023,4/30/2026,4/30/2026,Team 3,Active,"$300,000","$300,000","$300,000"
AWD00038512,AGR 5/22/2023,<a href='https://era2.oked.asu.edu/Grants/sd/Rooms/DisplayPages/LayoutInitial?Container=com.webridge.entity.Entity[OID[BA82B071FBD911ED6684D82396565000]]'>GR43917</a> ,Leap Photovoltaics Inc (Leap PV),Leap Photovoltaics Inc (Leap PV),,,Bertoni,Mariana,B1310,IAFSE-ECEE: Electrical Engineering,IAFSE-ECEE: Electrical Engineering,STC AMPED: Enabling Low-cost Additive Manufacturing for Silicon Solar Cells,Stewart,"$40,000","$40,000",5/16/2023,5/15/2024,5/15/2024,Team 1,Expired,"$40,000","$40,000","$40,000"
AWD00039113,AGR 9/28/2023,<a href='https://era2.oked.asu.edu/Grants/sd/Rooms/DisplayPages/LayoutInitial?Container=com.webridge.entity.Entity[OID[2B502FD67CC911EE6E84D82396565000]]'>GR45041</a> ,Taiwan Semiconductor Manufacturing Company Limited (TSMC),Taiwan Semiconductor Manufacturing Company Limited (TSMC),,,Trovitch,Ryan,B1715,"CLAS-NS: Molecular Sciences, School of (SMS)","CLAS-NS: Molecular Sciences, School of (SMS)",Controlling the Growth of Silicon Nitride on Silicon and Silicon Germanium using Aminosilanes,Taylor,"$240,000","$240,000",7/1/2023,6/30/2025,6/30/2025,Team 3,Active,"$240,000","$240,000","$240,000"
AWD00038698,FA9550-23-1-0554,<a href='https://era2.oked.asu.edu/Grants/sd/Rooms/DisplayPages/LayoutInitial?Container=com.webridge.entity.Entity[OID[5555BDD12A3F11EE6B84D82396565000]]'>GR44197</a> ,DOD-USAF-AFRL: Air Force Office of Scientific Research (AFOSR),DOD-USAF-AFRL: Air Force Office of Scientific Research (AFOSR),,,Menendez,Jose,B1717,CLAS-NS: Physics,CLAS-NS: Physics,Cryogenic probe station for research on mid-wave and long-wave infrared group IV materials and devices on silicon,Taylor,"$459,628","$459,628",9/15/2023,9/15/2025,9/15/2025,Team 3,Active,"$459,628","$459,628","$459,628"
AWD00039172,20231013,<a href='https://era2.oked.asu.edu/Grants/sd/Rooms/DisplayPages/LayoutInitial?Container=com.webridge.entity.Entity[OID[A26A6A2E84C811EE6E84D82396565000]]'>GR45100</a> ,Advanced Material Analysis LLC,Advanced Material Analysis LLC,DOE: Headquarters,DOE: Headquarters,Holman,Zachary,B1310,IAFSE-ECEE: Electrical Engineering,IAFSE-ECEE: Electrical Engineering,Development of New Metallization Pastes for Front-Side of Tunnel Oxide Passivated Contact Crystalline Silicon Solar Cells,Stewart,"$60,000","$60,002",10/17/2023,6/30/2024,6/30/2024,Team 1,Expired,"$60,000","$60,000","$60,002"
AWD00040535,AGR 01/24/2025,<a href='https://era2.oked.asu.edu/Grants/sd/Rooms/DisplayPages/LayoutInitial?Container=com.webridge.entity.Entity[OID[4409077DDCC411EF8884D82396565000]]'>GR47439</a> ,FACE Foundation,FACE Foundation,,,Rolston,Nicholas,B1310,IAFSE-ECEE: Electrical Engineering,IAFSE-ECEE: Electrical Engineering,Design of Perovskite-Silicon Tandems for Operational and Thermomechanical Reliability,Stewart,"$10,000","$10,000",11/1/2024,10/31/2026,10/31/2026,Team 1,Active,"$10,000","$10,000","$10,000"
AWD00040760,ASU-11424,<a href='https://era2.oked.asu.edu/Grants/sd/Rooms/DisplayPages/LayoutInitial?Container=com.webridge.entity.Entity[OID[58A71DD4205811F08D84D82396565000]]'>GR47823</a> ,Swift Solar,Swift Solar,DOE: Office of Energy Efficiency and Renewable Energy (EERE),DOE: Office of Energy Efficiency and Renewable Energy (EERE),Rolston,Nicholas,B1310,IAFSE-ECEE: Electrical Engineering,IAFSE-ECEE: Electrical Engineering,PIPPIN: Perovskite-Silicon Tandem Solar Cells from Prototype to Production,Stewart,"$125,000","$375,000",1/1/2025,12/31/2025,12/31/2027,Team 1,Active,"$125,000","$125,000","$375,000"
AWD00040697,AGR 3/24/2025,<a href='https://era2.oked.asu.edu/Grants/sd/Rooms/DisplayPages/LayoutInitial?Container=com.webridge.entity.Entity[OID[465F0E0C142D11F08C84D82396565000]]'>GR47766</a> ,Applied Materials,Applied Materials,,,Nemanich,Robert,B1717,CLAS-NS: Physics,CLAS-NS: Physics,Synthesis of Poly/Nanocrystalline Diamond and Cubic Boron Nitride Films on Silicon,Taylor,"$36,445","$36,445",3/1/2025,8/31/2025,8/31/2025,Team 3,Active,"$36,445","$36,445","$36,445"
